date,open,high,close,low,volume,price_change,p_change,ma5,ma10,ma20,v_ma5,v_ma10,v_ma20,turnover
2019-06-19,31.42,32.0,31.15,30.94,10196.39,0.05,0.16,31.15,31.15,31.15,10196.39,10196.39,10196.39,3.31
2019-06-20,31.02,32.06,31.89,30.89,7192.1,0.74,2.38,31.52,31.52,31.52,8694.25,8694.25,8694.25,2.33
2019-06-21,31.97,32.45,32.0,31.73,5794.39,0.11,0.34,31.68,31.68,31.68,7727.63,7727.63,7727.63,1.88
2019-06-24,32.58,34.0,33.88,32.11,14843.0,1.88,5.88,32.23,32.23,32.23,9506.47,9506.47,9506.47,4.82
2019-06-25,33.97,33.97,33.28,32.7,8129.08,-0.6,-1.77,32.44,32.44,32.44,9230.99,9230.99,9230.99,2.64
2019-06-26,33.0,34.84,34.8,32.81,7705.56,1.52,4.57,33.17,32.833,32.833,8732.83,8976.75,8976.75,2.5
2019-06-27,34.68,35.0,35.0,34.32,5165.14,0.2,0.57,33.792,33.143,33.143,8327.43,8432.24,8432.24,1.68
2019-06-28,34.79,35.5,34.43,34.04,5638.99,-0.57,-1.63,34.278,33.304,33.304,8296.35,8083.08,8083.08,1.83
2019-07-01,34.89,35.19,34.7,34.46,4652.32,0.27,0.78,34.442,33.459,33.459,6258.22,7701.89,7701.89,1.51
2019-07-02,34.52,34.62,34.46,33.85,5889.0,-0.24,-0.69,34.678,33.559,33.559,5810.2,7520.6,7520.6,1.91
2019-07-03,34.43,35.5,34.95,34.23,7924.35,0.49,1.42,34.708,33.939,33.685,5853.96,7293.39,7557.3,2.57
2019-07-04,34.98,36.7,36.26,34.98,8219.17,1.31,3.75,34.96,34.376,33.9,6464.77,7396.1,7612.46,2.67
2019-07-05,36.26,36.48,35.78,35.48,5727.06,-0.48,-1.32,35.23,34.754,34.045,6482.38,7389.37,7467.43,1.86
2019-07-08,35.95,36.06,35.0,34.52,6161.5,-0.78,-2.18,35.29,34.866,34.113,6784.22,6521.22,7374.15,2.0
2019-07-09,35.18,36.28,35.51,34.83,7289.35,0.51,1.46,35.5,35.089,34.206,7064.29,6437.24,7368.49,2.37
2019-07-10,35.98,36.28,35.66,35.03,3373.17,0.15,0.42,35.642,35.175,34.297,6154.05,6004.01,7118.79,1.09
2019-07-11,35.8,36.18,35.11,34.36,8575.0,-0.55,-1.54,35.412,35.186,34.345,6225.22,6344.99,7204.45,2.78
2019-07-12,35.63,35.88,34.92,34.5,3924.0,-0.19,-0.54,35.24,35.235,34.377,5864.6,6173.49,7022.2,1.27
2019-07-15,35.26,35.26,34.55,34.33,5253.07,-0.37,-1.06,35.15,35.22,34.386,5682.92,6233.57,6929.09,1.7
2019-07-16,34.33,34.9,34.55,34.23,2215.0,0.0,0.0,34.958,35.229,34.394,4668.05,5866.17,6693.38,0.72
2019-07-17,34.69,35.99,35.6,34.65,4567.6,1.05,3.04,34.946,35.294,34.617,4906.93,5530.49,6411.94,1.48
2019-07-18,35.33,35.85,34.87,34.6,4817.0,-0.73,-2.05,34.898,35.155,34.766,4155.33,5190.28,6293.19,1.56
2019-07-19,34.88,35.27,35.15,34.13,2936.42,0.28,0.8,34.944,35.092,34.923,3957.82,4911.21,6150.29,0.95
2019-07-22,34.7,35.17,34.9,33.36,5099.01,-0.25,-0.71,35.014,35.082,34.974,3927.01,4804.96,5663.09,1.65
2019-07-23,34.94,35.29,33.82,33.5,4159.31,-1.08,-3.1,34.868,34.913,35.001,4315.87,4491.96,5464.6,1.35
2019-07-24,34.1,35.18,34.58,33.63,3908.73,0.76,2.25,34.664,34.805,34.99,4184.09,4545.51,5274.76,1.27
2019-07-25,34.38,34.89,34.75,34.05,2690.0,0.17,0.49,34.64,34.769,34.978,3758.69,3957.01,5151.0,0.87
2019-07-26,34.52,35.14,34.66,34.51,1796.27,-0.09,-0.26,34.542,34.743,34.989,3530.66,3744.24,4958.87,0.58
2019-07-29,34.52,35.2,34.9,34.45,2622.47,0.24,0.69,34.542,34.778,34.999,3035.36,3481.18,4857.37,0.85
2019-07-30,34.99,35.47,35.4,34.62,4450.0,0.5,1.43,34.858,34.863,35.046,3093.49,3704.68,4785.42,1.44
2019-07-31,35.74,35.74,34.6,34.0,5409.4,-0.8,-2.26,34.862,34.763,35.029,3393.63,3788.86,4659.68,1.76
2019-08-01,34.85,34.85,33.97,33.91,3215.0,-0.63,-1.82,34.706,34.673,34.914,3498.63,3628.66,4409.47,1.04
2019-08-02,33.8,34.05,33.52,32.81,4656.21,-0.45,-1.32,34.478,34.51,34.801,4070.62,3800.64,4355.93,1.51
2019-08-05,33.51,33.82,32.54,32.11,4792.0,-0.98,-2.92,34.006,34.274,34.678,4504.52,3769.94,4287.45,1.56
2019-08-06,32.29,33.51,33.31,31.33,6708.0,0.77,2.37,33.588,34.223,34.568,4956.12,4024.81,4258.38,2.18
2019-08-07,32.82,35.29,35.02,32.82,7395.55,1.71,5.13,33.672,34.267,34.536,5353.35,4373.49,4459.5,2.4
2019-08-08,35.0,35.53,35.5,34.49,3534.32,0.48,1.37,33.978,34.342,34.556,5417.22,4457.92,4207.47,1.15
2019-08-09,35.53,36.49,36.36,35.51,8213.33,0.86,2.42,34.546,34.512,34.628,6128.64,5099.63,4421.93,2.67
2019-08-12,36.07,36.6,36.1,35.61,6452.83,-0.26,-0.71,35.258,34.632,34.705,6460.81,5482.66,4481.92,2.09
2019-08-13,37.25,37.27,34.25,33.63,18772.57,-1.85,-5.12,35.446,34.517,34.69,8873.72,6914.92,5309.8,6.09
2019-08-14,34.75,34.75,32.92,32.8,17721.09,-1.33,-3.88,35.026,34.349,34.556,10938.83,8146.09,5967.48,5.75
2019-08-15,32.3,33.23,32.39,31.81,9730.03,-0.53,-1.61,34.404,34.191,34.432,12177.97,8797.59,6213.13,3.16
2019-08-16,32.6,33.18,33.13,32.2,8868.0,0.74,2.29,33.758,34.152,34.331,12308.9,9218.77,6509.71,2.88
2019-08-19,33.28,33.45,33.18,32.42,10803.36,0.05,0.15,33.174,34.216,34.245,13179.01,9819.91,6794.92,3.51
2019-08-20,33.19,33.3,32.83,32.68,7297.45,-0.35,-1.05,32.89,34.168,34.196,10883.99,9878.85,6951.83,2.37
2019-08-21,32.61,33.0,32.93,32.04,9991.0,0.1,0.3,32.892,33.959,34.113,9337.97,10138.4,7255.94,3.24
2019-08-22,33.0,33.65,33.44,32.77,8895.48,0.51,1.55,33.102,33.753,34.048,9171.06,10674.51,7566.22,2.89
2019-08-23,33.24,33.41,32.77,32.56,6297.0,-0.67,-2.0,33.03,33.394,33.953,8656.86,10482.88,7791.25,2.04
2019-08-26,32.44,32.72,32.35,32.22,5403.02,-0.42,-1.28,32.864,33.019,33.826,7576.79,10377.9,7930.28,1.75
2019-08-27,32.48,34.15,33.59,32.35,11546.0,1.24,3.83,33.016,32.953,33.735,8426.5,9655.24,8285.08,3.75
2019-08-28,33.7,34.02,33.73,33.2,8112.32,0.14,0.42,33.176,33.034,33.692,8050.76,8694.37,8420.23,2.63
2019-08-29,34.18,34.7,34.64,33.76,8338.0,0.91,2.7,33.416,33.259,33.725,7939.27,8555.16,8676.38,2.71
2019-08-30,34.65,34.8,33.66,33.5,7606.0,-0.98,-2.83,33.594,33.312,33.732,8201.07,8428.96,8823.87,2.47
2019-09-02,33.6,34.85,34.61,33.6,7661.0,0.95,2.82,34.046,33.455,33.836,8652.66,8114.73,8967.32,2.49
2019-09-03,34.79,35.1,34.96,34.33,5016.0,0.35,1.01,34.32,33.668,33.918,7346.66,7886.58,8882.72,1.63
2019-09-04,34.88,36.24,36.06,34.88,12585.4,1.1,3.15,34.786,33.981,33.97,8241.28,8146.02,9142.21,4.08
2019-09-05,36.0,38.88,37.2,35.92,13941.08,1.14,3.16,35.298,34.357,34.055,9361.9,8650.58,9662.55,4.52
2019-09-06,37.52,37.52,36.15,36.0,9276.0,-1.05,-2.82,35.796,34.695,34.045,9695.9,8948.48,9715.68,3.01
2019-09-09,36.3,36.92,36.53,36.2,7676.0,0.38,1.05,36.18,35.113,34.066,9698.9,9175.78,9776.84,2.49
2019-09-10,36.78,38.13,37.81,35.82,9897.0,1.28,3.5,36.75,35.535,34.244,10675.1,9010.88,9333.06,3.21
2019-09-11,37.76,37.76,36.92,36.42,8176.69,-0.89,-2.35,36.922,35.854,34.444,9793.35,9017.32,8855.84,2.65
2019-09-12,36.94,37.98,37.66,36.62,5229.96,0.74,2.0,37.014,36.156,34.708,8051.13,8706.51,8630.84,1.7
2019-09-16,37.97,37.97,37.33,37.24,3793.0,-0.33,-0.88,37.25,36.523,34.918,6954.53,8325.21,8377.09,1.23
2019-09-17,37.4,37.66,36.67,36.6,3553.0,-0.66,-1.77,37.278,36.729,35.092,6129.93,7914.41,8014.57,1.15
2019-09-18,36.65,37.84,37.67,36.65,6578.51,1.0,2.73,37.25,37.0,35.334,5466.23,8070.66,7978.62,2.13
2019-09-19,37.66,38.31,38.24,37.23,4266.21,0.57,1.51,37.514,37.218,35.6,4684.14,7238.75,7692.38,1.38
2019-09-20,38.38,38.5,37.83,37.52,3733.63,-0.41,-1.07,37.548,37.281,35.819,4384.87,6218.0,7434.29,1.21
2019-09-23,37.71,38.09,37.15,36.28,7807.91,-0.68,-1.8,37.512,37.381,36.038,5187.85,6071.19,7509.84,2.53
2019-09-24,36.99,37.8,36.79,36.78,6401.57,-0.36,-0.97,37.536,37.407,36.26,5757.57,5943.75,7559.76,2.08
2019-09-25,36.79,37.39,36.98,36.6,3727.57,0.19,0.52,37.398,37.324,36.43,5187.38,5326.81,7168.84,1.21
2019-09-26,37.2,37.2,36.39,36.09,4314.0,-0.59,-1.59,37.028,37.271,36.563,5196.94,4940.54,6978.93,1.4
2019-09-27,36.12,37.23,36.81,36.12,2807.2,0.42,1.15,36.824,37.186,36.671,5011.65,4698.26,6702.39,0.91
2019-09-30,36.52,37.01,35.57,35.3,9189.0,-1.24,-3.37,36.508,37.01,36.767,5287.87,5237.86,6781.54,2.98
2019-10-08,35.88,37.72,36.95,35.57,9391.52,1.38,3.88,36.54,37.038,36.884,5885.86,5821.71,6868.06,3.05
2019-10-09,37.03,37.31,37.08,35.87,6645.32,0.13,0.35,36.56,36.979,36.99,6469.41,5828.39,6949.53,2.16
2019-10-10,36.82,38.66,38.48,36.7,10732.85,1.4,3.78,36.978,37.003,37.111,7753.18,6475.06,6856.9,3.48
2019-10-11,38.4,39.78,38.35,37.78,9699.69,-0.13,-0.34,37.286,37.055,37.168,9131.68,7071.66,6644.83,3.15
2019-10-14,38.54,39.93,39.5,38.54,8061.0,1.15,3.0,38.072,37.29,37.336,8906.08,7096.97,6584.08,2.62
2019-10-15,39.0,40.16,39.39,39.0,4729.26,-0.11,-0.28,38.56,37.55,37.479,7973.62,6929.74,6436.74,1.53
2019-10-16,39.85,41.3,40.04,39.4,9734.67,0.65,1.65,39.152,37.856,37.59,8591.49,7530.45,6428.63,3.16
2019-10-17,40.38,40.38,39.83,39.0,5081.24,-0.21,-0.52,39.422,38.2,37.736,7461.17,7607.18,6273.86,1.65
2019-10-18,40.37,40.77,39.15,36.75,11172.0,-0.68,-1.71,39.582,38.434,37.81,7755.63,8443.66,6570.96,3.63
2019-10-21,39.49,40.2,38.98,38.23,7807.0,-0.17,-0.43,39.478,38.775,37.893,7704.83,8305.46,6771.66,2.53
2019-10-22,38.98,40.17,39.72,38.98,5429.0,0.74,1.9,39.544,39.052,38.045,7844.78,7909.2,6865.46,1.76
2019-10-23,39.7,40.9,40.8,39.4,6508.46,1.08,2.72,39.696,39.424,38.202,7199.54,7895.52,6861.96,2.11
2019-10-24,40.97,40.97,39.57,38.3,11254.0,-1.23,-3.02,39.644,39.533,38.268,8434.09,7947.63,7211.34,3.65
2019-10-25,39.66,40.26,39.59,39.29,5252.49,0.02,0.05,39.732,39.657,38.356,7250.19,7502.91,7287.29,1.7
2019-10-28,39.7,41.95,41.41,39.44,10888.1,1.82,4.6,40.218,39.848,38.569,7866.41,7785.62,7441.3,3.53
2019-10-29,43.5,45.55,45.55,43.48,9915.7,4.14,10.0,41.384,40.464,39.007,8763.75,8304.27,7617.0,3.22
2019-10-30,48.0,50.11,46.27,45.65,46741.01,0.72,1.58,42.478,41.087,39.472,16810.26,12004.9,9767.68,15.17
2019-10-31,46.51,47.28,46.06,43.97,26574.82,-0.21,-0.45,43.776,41.71,39.955,19874.42,14154.26,10880.72,8.62
2019-11-01,45.55,47.81,47.3,45.25,20600.67,1.24,2.69,45.318,42.525,40.48,22944.06,15097.13,11770.39,6.69
2019-11-04,48.1,52.03,51.5,48.1,41924.88,4.2,8.88,47.336,43.777,41.276,29151.42,18508.91,13407.18,13.6
2019-11-05,50.35,53.85,53.0,50.34,36438.06,1.5,2.91,48.826,45.105,42.079,34455.89,21609.82,14759.51,11.82
2019-11-06,53.2,56.7,56.32,51.72,25162.11,3.32,6.26,50.836,46.657,43.041,30140.11,23475.18,15685.35,8.17
2019-11-07,57.0,57.5,56.5,54.14,39647.56,0.18,0.32,52.924,48.35,43.942,32754.66,26314.54,17131.09,12.87
2019-11-08,55.88,56.7,55.88,55.0,18980.64,-0.62,-1.1,54.64,49.979,44.818,32430.65,27687.36,17595.13,6.16
2019-11-11,54.82,55.87,53.2,52.15,19011.33,-2.68,-4.8,54.98,51.158,45.503,27847.94,28499.68,18142.65,6.17
2019-11-12,53.3,54.82,54.67,52.11,18731.3,1.47,2.76,55.314,52.07,46.267,24306.59,29381.24,18842.75,6.08
2019-11-13,54.0,56.31,55.88,54.0,17212.84,1.21,2.21,55.226,53.031,47.059,22716.73,26428.42,19216.66,5.59
2019-11-14,56.45,58.85,57.33,56.07,19454.88,1.45,2.6,55.392,54.158,47.934,18678.2,25716.43,19935.34,6.31
2019-11-15,57.88,57.9,53.24,52.58,33472.01,-4.09,-7.13,54.864,54.752,48.639,21576.47,27003.56,21050.34,10.86
2019-11-18,53.17,54.65,54.42,52.59,17234.62,1.18,2.22,55.108,55.044,49.411,21221.13,24534.54,21521.72,5.59
2019-11-19,54.38,55.96,55.73,53.51,11553.43,1.31,2.41,55.32,55.317,50.211,19785.56,22046.07,21827.95,3.75
2019-11-20,55.74,56.17,53.53,53.17,14696.0,-2.2,-3.95,54.85,55.038,50.848,19282.19,20999.46,22237.32,4.77
2019-11-21,53.93,54.19,53.8,53.24,8518.0,0.27,0.5,54.144,54.768,51.559,17094.81,17886.51,22100.52,2.76
2019-11-22,53.5,54.14,52.75,51.88,14956.64,-1.05,-1.95,54.046,54.455,52.217,13391.74,17484.11,22585.73,4.85
2019-11-25,53.95,53.95,50.84,49.24,15403.32,-1.91,-3.62,53.33,54.219,52.689,13025.48,17123.3,22811.49,5.0
2019-11-26,51.09,53.8,51.09,50.6,18604.0,0.25,0.49,52.402,53.861,52.966,14435.59,17110.57,23245.91,6.04
2019-11-27,51.5,51.7,51.0,50.44,11437.0,-0.09,-0.18,51.896,53.373,53.202,13783.79,16532.99,21480.71,3.71
2019-11-28,51.0,52.5,51.35,50.4,10599.2,0.35,0.69,51.406,52.775,53.467,14200.03,15647.42,20681.92,3.44
2019-11-29,51.3,52.57,50.82,50.02,13887.93,-0.53,-1.03,51.02,52.533,53.643,13986.29,13689.01,20346.29,4.51
2019-12-02,50.95,52.35,51.55,50.5,12079.97,0.73,1.44,51.162,52.246,53.645,13321.62,13173.55,18854.04,3.92
2019-12-03,51.6,51.6,51.46,49.9,9492.0,-0.09,-0.17,51.236,51.819,53.568,11499.22,12967.41,17506.74,3.08
2019-12-04,51.3,52.5,51.2,50.66,10548.51,-0.26,-0.51,51.276,51.586,53.312,11321.52,12552.66,16776.06,3.42
2019-12-05,51.3,52.68,51.94,51.0,11519.0,0.74,1.45,51.394,51.4,53.084,11505.48,12852.76,15369.63,3.74
2019-12-06,51.7,52.38,51.76,51.45,8638.13,-0.18,-0.35,51.582,51.301,52.878,10455.52,12220.91,14852.51,2.8
2019-12-09,52.2,56.56,54.72,51.82,21985.26,2.96,5.72,52.216,51.689,52.954,12436.58,12879.1,15001.2,7.13
2019-12-10,54.68,54.68,52.31,51.8,26196.4,-2.41,-4.4,52.386,51.811,52.836,15777.46,13638.34,15374.46,8.5
2019-12-11,52.51,52.51,50.36,50.27,14785.99,-1.95,-3.73,52.218,51.747,52.56,16624.96,13973.24,15253.11,4.8
2019-12-12,50.6,51.78,50.22,49.2,12626.41,-0.14,-0.28,51.874,51.634,52.205,16846.44,14175.96,14911.69,4.1
2019-12-13,50.61,51.15,50.42,50.21,8577.95,0.2,0.4,51.606,51.594,52.064,16834.4,13644.96,13666.99,2.78
2019-12-16,50.75,51.77,51.15,50.12,14575.29,0.73,1.45,50.892,51.554,51.9,15352.41,13894.49,13534.02,4.73
2019-12-17,51.15,52.58,52.35,50.5,15222.0,1.2,2.35,50.9,51.643,51.731,13157.53,14467.49,13717.45,4.94
2019-12-18,52.39,53.34,51.03,50.91,14672.24,-1.32,-2.52,51.034,51.626,51.606,13134.78,14879.87,13716.26,4.76
2019-12-19,51.2,51.69,50.03,49.7,10981.86,-1.0,-1.96,50.996,51.435,51.418,12805.87,14826.15,13839.46,3.56
2019-12-20,50.48,51.5,50.33,50.32,7972.8,0.3,0.6,50.978,51.292,51.297,12684.84,14759.62,13490.26,2.59
2019-12-23,50.04,50.75,50.3,48.53,10421.48,-0.03,-0.06,50.808,50.85,51.27,11854.08,13603.24,13241.17,3.38
2019-12-24,50.3,50.49,50.26,49.31,7622.04,-0.04,-0.08,50.39,50.645,51.228,10334.08,11745.81,12692.07,2.47
2019-12-25,50.35,50.58,48.9,48.65,13147.2,-1.36,-2.71,49.964,50.499,51.123,10029.08,11581.93,12777.58,4.27
2019-12-26,49.06,51.09,50.73,48.39,14879.63,1.83,3.74,50.104,50.55,51.092,10808.63,11807.25,12991.6,4.83
2019-12-27,50.66,52.92,52.4,50.5,19992.52,1.67,3.29,50.518,50.748,51.171,13212.57,12948.71,13296.83,6.49
2019-12-30,52.28,53.7,52.21,51.08,17563.06,-0.19,-0.36,50.9,50.854,51.204,14640.89,13247.48,13570.99,5.7
2019-12-31,52.26,52.58,50.96,50.34,12398.01,-1.25,-2.39,51.04,50.715,51.179,15596.08,12965.08,13716.29,4.02
2020-01-02,51.39,56.06,56.06,51.39,34104.42,5.1,10.01,52.472,51.218,51.422,19787.53,14908.3,14894.08,11.07
2020-01-03,56.06,56.8,55.76,55.13,22294.0,-0.3,-0.54,53.478,51.791,51.613,21270.4,16039.52,15432.83,7.23
2020-01-06,56.0,56.65,55.96,54.52,19691.0,0.2,0.36,54.19,52.354,51.823,21210.1,17211.34,15985.48,6.39
2020-01-07,56.3,59.0,57.63,55.26,19422.62,1.67,2.98,55.274,53.087,51.969,21582.01,18111.45,15857.35,6.3
2020-01-08,57.53,58.6,57.75,56.7,12881.61,0.12,0.21,56.632,53.836,52.241,21678.73,18637.41,15191.61,4.18
2020-01-09,57.74,61.55,59.72,57.02,14757.41,1.97,3.41,57.364,54.918,52.709,17809.33,18798.43,15190.18,4.79
2020-01-10,59.81,62.5,60.55,59.23,15645.14,0.83,1.39,58.322,55.9,53.225,16479.56,18874.98,15341.11,5.08
2020-01-13,59.97,61.36,60.56,58.39,11104.1,0.01,0.02,59.242,56.716,53.732,14762.18,17986.14,15467.42,3.6
2020-01-14,59.61,61.6,60.47,58.83,13958.0,-0.09,-0.15,59.81,57.542,54.198,13669.25,17625.63,15436.56,4.53
2020-01-15,60.88,60.88,59.41,59.2,9386.04,-1.06,-1.75,60.142,58.387,54.551,12970.14,17324.43,15144.76,3.05
2020-01-16,60.18,62.15,60.22,59.83,14635.06,0.81,1.36,60.242,58.803,55.011,12945.67,15377.5,15142.9,4.75
2020-01-17,60.29,63.85,62.48,59.3,12623.63,2.26,3.75,60.628,59.475,55.633,12341.37,14410.46,15224.99,4.1
2020-01-20,63.66,64.62,62.8,60.11,18990.32,0.32,0.51,61.076,60.159,56.257,13918.61,14340.39,15775.86,6.16
2020-01-21,63.9,69.08,69.08,63.7,26310.45,6.28,10.0,62.798,61.304,57.196,16389.1,15029.18,16570.31,8.54
2020-01-22,69.0,75.48,74.47,66.17,21074.61,5.39,7.8,65.81,62.976,58.406,18726.81,15848.48,17242.94,6.84
2020-01-23,72.25,73.86,67.07,67.02,16749.19,-7.4,-9.94,67.18,63.711,59.315,19149.64,16047.65,17423.04,5.44
2020-02-03,60.36,60.36,60.36,60.36,1962.0,-6.71,-10.0,66.756,63.692,59.796,17017.31,14679.34,16777.16,0.64
2020-02-04,54.55,63.49,62.19,54.55,20281.54,1.83,3.03,66.634,63.855,60.286,17275.56,15597.08,16791.61,6.58
2020-02-05,62.12,64.95,60.78,59.0,13500.17,-1.41,-2.27,64.974,63.886,60.714,14713.5,15551.3,16588.47,4.38
2020-02-06,60.8,65.0,64.95,60.36,14025.39,4.17,6.86,63.07,64.44,61.414,13303.66,16015.24,16669.84,4.55
2020-02-07,64.16,65.94,64.98,62.36,11675.87,0.03,0.05,62.652,64.916,61.86,12288.99,15719.32,15548.41,3.79
2020-02-10,64.0,68.9,68.28,63.1,8550.03,3.3,5.08,64.236,65.496,62.486,13606.6,15311.96,14861.21,1.06
2020-02-11,68.28,74.83,72.1,67.6,11033.67,3.82,5.59,66.218,66.426,63.293,11757.03,14516.29,14428.34,1.37
2020-02-12,72.1,74.2,72.7,71.54,8435.56,0.6,0.83,68.602,66.788,64.046,10744.1,12728.8,13878.99,1.04
2020-02-13,74.8,74.99,72.53,71.08,5608.44,-0.17,-0.23,70.118,66.594,64.785,9060.71,11182.19,13515.33,0.69
2020-02-14,70.71,72.68,71.03,69.6,7933.73,-1.5,-2.07,71.328,66.99,65.351,8312.29,10300.64,13174.15,0.98
2020-02-17,71.5,78.0,77.4,71.02,12214.43,6.37,8.97,73.152,68.694,66.193,9045.17,11325.88,13002.61,1.51
2020-02-18,77.3,84.5,84.49,77.0,13252.78,7.09,9.16,75.63,70.924,67.39,9488.99,10623.01,13110.05,1.64
2020-02-19,83.6,85.8,82.5,81.0,17818.86,-1.99,-2.35,77.59,73.096,68.491,11365.65,11054.88,13303.09,2.2
2020-02-20,82.3,83.9,82.92,81.18,8953.47,0.42,0.51,79.668,74.893,69.667,12034.65,10547.68,13281.46,1.11
2020-02-21,82.75,84.8,82.86,80.5,9184.16,-0.06,-0.07,82.034,76.681,70.799,12284.74,10298.51,13008.92,1.14
2020-02-24,82.7,88.6,84.99,81.31,10837.2,2.13,2.57,83.552,78.352,71.924,12009.29,10527.23,12919.59,1.34
2020-02-25,82.97,85.0,83.65,79.2,11019.57,-1.34,-1.58,83.384,79.507,72.967,11562.65,10525.82,12521.06,1.36
2020-02-26,80.48,83.78,80.9,79.0,10809.7,-2.75,-3.29,83.064,80.327,73.558,10160.82,10763.23,11746.02,1.34
2020-02-27,80.19,85.89,83.0,79.88,12046.92,2.1,2.6,83.08,81.374,73.984,10779.51,11407.08,11294.63,1.49
2020-02-28,81.14,84.3,80.26,78.5,9489.74,-2.74,-3.3,82.56,82.297,74.644,10840.63,11562.68,10931.66,1.17
2020-03-02,80.06,88.29,88.29,80.06,14275.93,8.03,10.01,83.22,83.386,76.04,11528.37,11768.83,11547.36,1.77
2020-03-03,91.0,91.0,85.87,84.18,13586.0,-2.42,-2.74,83.664,83.524,77.224,12041.66,11802.16,11212.58,1.68
2020-03-04,83.88,91.0,88.5,83.88,13740.53,2.63,3.06,85.184,84.124,78.61,12627.82,11394.32,11224.6,1.7
2020-03-05,88.59,93.8,93.62,87.5,11501.17,5.12,5.79,87.308,85.194,80.044,12518.67,11649.09,11098.39,1.42
2020-03-06,91.08,93.5,93.3,90.3,9701.14,-0.32,-0.34,89.916,86.238,81.46,12560.95,11700.79,10999.65,1.2
2020-03-09,91.09,92.5,88.81,84.88,10233.72,-4.49,-4.81,90.02,86.62,82.486,11752.51,11640.44,11083.84,1.27
2020-03-10,87.01,90.58,88.66,87.01,10276.44,-0.15,-0.17,90.578,87.121,83.314,11090.6,11566.13,11045.97,1.27
2020-03-11,90.89,94.86,91.5,88.14,9482.0,2.84,3.2,91.178,88.181,84.254,10238.89,11433.36,11098.3,1.17
2020-03-12,90.75,90.75,87.95,83.05,16585.0,-3.55,-3.88,90.044,88.676,85.025,11255.66,11887.17,11647.12,2.05
2020-03-13,81.5,88.5,86.88,81.2,16446.18,-1.07,-1.22,88.76,89.338,85.818,12604.67,12582.81,12072.75,2.04
2020-03-16,86.0,87.0,78.28,78.22,14138.0,-8.6,-9.9,86.654,88.337,85.862,13385.52,12569.02,12168.93,1.75
2020-03-17,81.0,81.0,77.84,74.11,13570.24,-0.44,-0.56,84.49,87.534,85.529,14044.28,12567.44,12184.8,1.68
2020-03-18,78.88,83.36,80.22,77.82,11037.0,2.38,3.06,82.234,86.706,85.415,14355.28,12297.09,11845.71,1.37
2020-03-19,80.22,80.51,76.98,72.33,16587.76,-3.24,-4.04,80.04,85.042,85.118,14355.84,12805.75,12227.42,2.05
2020-03-20,79.39,82.57,82.38,77.5,10876.0,5.4,7.01,79.14,83.95,85.094,13241.8,12923.23,12312.01,1.35
2020-03-23,79.79,79.79,74.14,74.14,14367.5,-8.24,-10.0,78.312,82.483,84.552,13287.7,13336.61,12488.53,1.78
2020-03-24,75.32,78.49,74.36,70.0,19143.0,0.22,0.3,77.616,81.053,84.087,14402.25,14223.27,12894.7,2.37
2020-03-25,76.54,77.17,75.46,73.6,13974.0,1.1,1.48,76.664,79.449,83.815,14989.65,14672.47,13052.91,1.73
2020-03-26,75.46,75.74,73.06,72.1,12210.0,-2.4,-3.18,75.88,77.96,83.318,14114.1,14234.97,13061.07,1.51
2020-03-27,74.37,78.31,76.4,73.18,13094.22,3.34,4.57,74.684,76.912,83.125,14557.74,13899.77,13241.29,1.62
2020-03-30,74.5,78.3,76.84,71.99,12084.0,0.44,0.58,75.224,76.768,82.553,14101.04,13694.37,13131.7,1.5
2020-03-31,78.0,80.5,78.92,76.8,11805.07,2.08,2.71,76.136,76.876,82.205,12633.46,13517.86,13042.65,1.46
2020-04-01,78.93,81.7,81.16,77.48,7955.72,2.24,2.84,77.276,76.97,81.838,11429.8,13209.73,12753.41,0.98
2020-04-02,79.88,80.89,80.86,77.7,7967.6,-0.3,-0.37,78.836,77.358,81.2,10581.32,12347.71,12576.73,0.99
2020-04-03,80.86,80.86,79.0,77.27,9742.44,-1.86,-2.3,79.356,77.02,80.485,9910.97,12234.36,12578.79,1.21
2020-04-07,79.79,85.66,84.7,79.79,7838.63,5.7,7.21,80.928,78.076,80.28,9061.89,11581.47,12459.04,0.97
2020-04-08,85.37,86.19,84.89,82.58,6247.76,0.19,0.22,82.122,79.129,80.091,7950.43,10291.94,12257.61,0.77
2020-04-09,86.0,90.98,89.5,84.28,7514.71,4.61,5.43,83.79,80.533,79.991,7862.23,9646.02,12159.24,0.93
2020-04-10,88.74,91.99,89.58,87.51,5265.71,0.08,0.09,85.534,82.185,80.073,7321.85,8951.59,11593.28,0.65
2020-04-13,89.0,91.86,91.0,86.41,9213.62,1.42,1.58,87.934,83.645,80.279,7216.09,8563.53,11231.65,1.14
2020-04-14,91.45,92.82,92.52,90.03,4504.42,1.52,1.67,89.498,85.213,80.991,6549.24,7805.57,10749.97,0.56
2020-04-15,92.94,92.98,91.94,90.58,5983.0,-0.58,-0.63,90.908,86.515,81.696,6496.29,7223.36,10370.61,0.74
2020-04-16,91.55,92.39,88.03,87.12,10068.31,-3.91,-4.25,90.614,87.202,82.086,7007.01,7434.62,10322.17,1.25
2020-04-17,87.44,87.77,87.33,85.11,8464.0,-0.7,-0.8,90.164,87.849,82.604,7646.67,7484.26,9915.99,1.05
2020-04-20,86.65,96.06,96.06,84.58,15692.37,8.73,10.0,91.176,89.555,83.288,8942.42,8079.25,10156.8,1.94
2020-04-21,95.9,102.18,102.0,95.42,11700.02,5.94,6.18,93.072,91.285,84.681,10381.54,8465.39,10023.43,1.45
2020-04-22,101.42,105.88,104.45,100.5,10747.62,2.45,2.4,95.574,93.241,86.185,11334.46,8915.38,9603.66,1.33
2020-04-23,103.93,108.88,103.93,102.38,10033.0,-0.52,-0.5,98.754,94.684,87.609,11327.4,9167.21,9406.61,1.24
2020-04-24,105.28,108.33,102.6,101.02,10719.0,-1.33,-1.28,101.808,95.986,89.086,11778.4,9712.54,9332.06,1.33
2020-04-27,103.99,107.55,104.9,101.5,7113.0,2.3,2.24,103.576,97.376,90.511,10062.53,9502.47,9033.0,0.88
2020-04-28,110.1,115.39,108.98,107.52,19179.91,4.08,3.89,104.972,99.022,92.118,11558.51,10970.02,9387.8,2.37
2020-04-29,108.43,110.2,105.66,105.0,12722.0,-3.32,-3.05,105.214,100.394,93.455,11953.38,11643.92,9433.64,1.57
2020-04-30,105.13,115.15,113.48,104.5,10428.5,7.82,7.4,107.124,102.939,95.071,12032.48,11679.94,9557.28,1.29
2020-05-06,110.1,113.3,112.21,106.44,11739.1,-1.27,-1.12,109.046,105.427,96.638,12236.5,12007.45,9745.86,1.45
2020-05-07,111.14,114.6,114.5,107.31,7385.9,2.29,2.04,110.966,107.271,98.413,12291.08,11176.81,9628.03,0.91
2020-05-08,113.61,115.8,112.41,111.5,4749.8,-2.09,-1.82,111.652,108.312,99.799,9405.06,10481.78,9473.59,0.59
2020-05-11,113.41,121.0,120.65,111.14,8619.1,8.24,7.33,114.65,109.932,101.587,8584.48,10268.93,9592.15,1.07
2020-05-12,125.0,126.0,125.99,118.26,12810.75,5.34,4.43,117.152,112.138,103.411,9060.93,10546.71,9856.96,1.59
2020-05-13,128.45,128.99,125.5,124.14,6641.03,-0.49,-0.39,119.81,114.428,105.207,8041.32,10138.91,9925.72,0.82
2020-05-14,126.33,127.5,123.99,123.2,5638.0,-1.51,-1.2,121.708,116.337,106.857,7691.74,9991.41,9746.94,0.7
2020-05-15,126.39,127.9,125.6,123.75,5080.25,1.61,1.3,124.346,117.999,108.511,7757.83,8581.44,9775.73,0.63
2020-05-18,128.26,132.56,128.37,125.65,5740.22,2.77,2.21,125.89,120.27,110.332,7182.05,7883.27,9763.59,0.71
2020-05-19,131.5,137.37,136.51,128.92,6333.44,8.14,6.34,127.994,122.573,112.756,5886.59,7473.76,9576.85,0.78
2020-05-20,133.51,141.9,135.6,132.29,7410.5,-0.91,-0.67,130.014,124.912,115.17,6040.48,7040.9,9524.18,0.92
2020-05-21,135.0,136.51,136.31,128.5,5123.49,0.71,0.52,132.478,127.093,117.182,5937.58,6814.66,8995.73,0.63
2020-05-22,135.45,138.45,136.0,131.13,8933.26,-0.31,-0.23,134.558,129.452,118.882,6708.18,7233.0,8857.39,1.11
2020-05-25,134.0,138.38,136.29,129.0,6901.75,0.29,0.21,136.142,131.016,120.474,6940.49,7061.27,8665.1,0.85
2020-05-26,137.85,148.91,147.5,136.13,9598.0,11.21,8.22,138.34,133.167,122.653,7593.4,6739.99,8643.35,1.19
2020-05-27,149.48,152.95,147.17,144.1,10069.18,-0.33,-0.22,140.654,135.334,124.881,8125.14,7082.81,8610.86,1.25
2020-05-28,147.09,154.5,151.99,144.2,9984.81,4.82,3.27,143.79,138.134,127.236,9097.4,7517.49,8754.45,1.24
2020-05-29,149.34,155.0,151.91,149.34,7269.25,-0.08,-0.05,146.972,140.765,129.382,8764.6,7736.39,8158.92,0.9
2020-06-01,154.31,167.1,166.5,151.15,9833.43,14.59,9.6,153.014,144.578,132.424,9350.93,8145.71,8014.49,1.22
2020-06-02,165.0,166.67,149.85,149.85,21898.36,-16.65,-10.0,153.484,145.912,134.243,11811.01,9702.2,8587.98,2.71
2020-06-03,149.0,154.0,145.69,139.9,27995.53,-4.16,-2.78,153.188,146.921,135.917,15396.28,11760.71,9400.8,3.46
2020-06-04,109.09,111.75,107.0,106.16,16394.18,-4.3,-3.86,144.19,143.99,135.542,16678.15,12887.78,9851.22,1.56
2020-06-05,105.67,106.93,106.7,102.5,22959.84,-0.3,-0.28,135.148,141.06,135.256,19816.27,14290.43,10761.72,2.19
2020-06-08,106.4,106.69,101.8,99.39,25727.4,-4.9,-4.59,122.208,137.611,134.314,22995.06,16173.0,11617.13,2.45
2020-06-09,102.0,111.98,111.98,101.0,25976.41,10.18,10.0,114.634,134.059,133.613,23810.67,17810.84,12275.42,2.47
2020-06-10,111.98,111.98,109.88,108.33,12271.6,-2.1,-1.88,107.472,130.33,132.832,20665.89,18031.08,12556.95,1.17
2020-06-11,110.1,111.83,105.8,102.83,17879.4,-4.08,-3.71,107.232,125.711,131.923,20962.93,18820.54,13169.02,1.7
2020-06-12,103.7,105.22,104.43,101.5,12268.27,-1.37,-1.29,106.778,120.963,130.864,18824.62,19320.44,13528.42,1.17
2020-06-15,104.84,108.0,105.0,103.94,10175.3,0.57,0.55,107.418,114.813,129.696,15714.2,19354.63,13750.17,0.97
2020-06-16,106.34,115.0,113.37,104.51,15182.52,8.37,7.97,107.696,111.165,128.539,13555.42,18683.05,14192.62,1.45
2020-06-17,114.0,115.2,113.99,108.66,12267.49,0.62,0.55,108.518,107.995,127.458,13554.6,17110.24,14435.47,1.17
2020-06-18,114.83,116.5,113.99,111.11,8539.29,0.0,0.0,110.156,108.694,126.342,11686.57,16324.75,14606.26,0.81
2020-06-19,115.24,117.8,114.2,113.52,9434.9,0.21,0.18,112.11,109.444,125.252,11119.9,14972.26,14631.35,0.9
2020-06-22,114.2,115.9,106.49,104.9,26440.97,-7.71,-6.75,112.408,109.913,123.762,14373.03,15043.62,15608.31,2.52
2020-06-23,105.31,105.32,100.0,97.3,43003.66,-6.49,-6.09,109.734,108.715,121.387,19937.26,16746.34,17278.59,4.09
2020-06-24,99.5,99.79,98.33,97.2,21995.15,-1.67,-1.67,106.602,107.56,118.945,21882.79,17718.7,17874.89,2.09
2020-06-29,99.25,100.45,95.99,94.0,18856.98,-2.34,-2.38,103.002,106.579,116.145,23946.33,17816.45,18318.5,1.79
2020-06-30,97.5,98.71,97.4,96.02,19837.7,1.41,1.47,99.642,105.876,113.42,26026.89,18573.4,18946.92,1.89
2020-07-01,97.42,103.05,101.86,94.56,29990.27,4.46,4.58,98.716,105.562,110.188,26736.75,20554.89,19954.76,2.85
2020-07-02,100.95,102.8,101.86,99.12,20658.1,0.0,0.0,99.088,104.411,107.788,22267.64,21102.45,19892.75,1.97
2020-07-03,102.02,110.45,108.11,99.25,30679.77,6.25,6.14,101.044,103.823,105.909,24004.56,22943.68,20026.96,2.92
2020-07-06,106.93,107.0,105.97,103.3,24172.6,-2.14,-1.98,103.04,103.021,105.858,25067.69,24507.01,20415.88,2.3
2020-07-07,105.8,106.45,106.28,102.0,24395.12,0.31,0.29,104.816,102.229,105.837,25979.17,26003.03,20487.65,2.32
2020-07-08,105.58,106.55,105.72,104.02,14125.6,-0.56,-0.53,105.588,102.152,106.033,22806.24,24771.5,19907.56,1.34
2020-07-09,106.49,110.97,109.75,105.15,15308.13,4.03,3.81,107.166,103.127,105.921,21736.24,22001.94,19374.14,1.46
2020-07-10,110.09,118.03,115.15,108.68,18313.34,5.4,4.92,108.574,104.809,106.185,19262.96,21633.76,19676.23,1.74
2020-07-13,115.2,120.66,116.37,115.2,14022.89,1.22,1.06,110.654,106.847,106.713,17233.02,21150.35,19483.4,1.33
2020-07-14,116.37,117.99,116.58,111.26,13387.2,0.21,0.18,112.714,108.765,107.321,15031.43,20505.3,19539.35,1.27
2020-07-15,115.0,124.79,121.9,115.0,18050.19,5.32,4.56,115.95,110.769,108.166,15816.35,19311.29,19933.09,1.72
2020-07-16,121.9,121.9,109.71,109.71,18949.19,-12.19,-10.0,115.942,111.554,107.983,16544.56,19140.4,20121.43,1.8
2020-07-17,107.92,114.29,111.0,104.32,16956.0,1.29,1.18,115.112,111.843,107.833,16273.09,17768.03,20355.85,1.61
2020-07-20,113.0,114.69,110.75,108.24,13024.5,-0.25,-0.23,113.988,112.321,107.671,16073.42,16653.22,20580.11,1.24
2020-07-21,113.0,121.83,121.83,111.92,18278.34,11.08,10.01,115.038,113.876,108.053,17051.64,16041.54,21022.29,1.74
2020-07-22,122.51,127.6,125.0,121.03,16049.06,3.17,2.6,115.658,115.804,108.978,16651.42,16233.88,20502.69,1.53
2020-07-23,122.69,127.68,123.8,120.18,13888.2,-1.2,-0.96,118.476,117.209,110.168,15639.22,16091.89,19046.92,1.32
2020-07-24,127.38,128.79,116.33,115.66,19672.6,-7.47,-6.03,119.542,117.327,111.068,16182.54,16227.82,18930.79,1.87
2020-07-27,120.0,120.97,116.12,113.45,13930.28,-0.21,-0.18,120.616,117.302,112.075,16363.7,16218.56,18684.45,1.33
2020-07-28,118.5,118.5,115.0,112.01,19204.67,-1.12,-0.96,119.25,117.144,112.955,16548.96,16800.3,18652.8,1.83
2020-07-29,113.8,126.5,126.5,113.8,17121.91,11.5,10.0,119.55,117.604,114.187,16763.53,16707.48,18009.38,1.63
2020-07-30,129.0,139.1,136.59,127.02,23105.83,10.09,7.98,122.108,120.292,115.923,18607.06,17123.14,18131.77,2.2
2020-07-31,138.5,143.0,139.57,134.24,14412.9,2.98,2.18,126.756,123.149,117.496,17555.12,16868.83,17318.43,1.37
2020-08-03,139.6,141.49,134.37,132.95,18050.14,-5.2,-3.73,130.406,125.511,118.916,18379.09,17371.39,17012.3,1.72
2020-08-04,134.4,136.88,136.6,132.18,15994.36,2.23,1.66,134.726,126.988,120.432,17737.03,17143.0,16592.27,1.52
2020-08-05,133.21,138.0,137.2,132.51,10990.7,0.6,0.44,136.866,128.208,122.006,16510.79,16637.16,16435.52,1.05
2020-08-06,137.75,139.78,137.9,135.11,8162.06,0.7,0.51,137.128,129.618,123.414,13522.03,16064.55,16078.22,0.78
2020-08-07,137.05,142.99,139.52,135.2,11065.41,1.62,1.18,137.118,131.937,124.632,12852.53,15203.83,15715.82,1.05
2020-08-10,142.28,153.47,153.47,139.7,18451.86,13.95,10.0,140.938,135.672,126.487,12932.88,15655.98,15937.27,1.76
2020-08-11,151.24,152.0,142.73,138.12,30187.66,-10.74,-7.0,142.164,138.445,127.795,15771.54,16754.28,16777.29,2.87
2020-08-12,137.6,138.93,134.68,128.46,25321.68,-8.05,-5.64,141.66,139.263,128.434,18637.73,17574.26,17140.87,2.41
2020-08-13,135.1,143.88,140.07,133.32,13911.76,5.39,4.0,142.094,139.611,129.952,19787.67,16654.85,16889.0,1.32
2020-08-14,139.8,146.62,145.27,139.4,9575.21,5.2,3.71,143.244,140.181,131.665,19489.63,16171.08,16519.96,0.91
2020-08-17,145.0,147.74,147.0,142.09,13200.29,1.73,1.19,141.95,141.444,133.478,18439.32,15686.1,16528.75,1.26
2020-08-18,147.2,158.0,148.82,146.0,15646.51,1.82,1.24,143.168,142.666,134.827,15531.09,15651.31,16397.15,1.49
2020-08-19,148.72,151.67,142.78,141.41,11343.4,-6.04,-4.06,144.788,143.224,135.716,12735.43,15686.58,16161.87,1.08
2020-08-20,142.78,144.0,143.5,138.0,11366.4,0.72,0.5,145.474,143.784,136.701,12226.36,16007.02,16035.78,1.08
2020-08-21,143.5,144.78,143.98,139.88,7870.13,0.48,0.33,145.216,144.23,138.084,11885.35,15687.49,15445.66,0.75
2020-08-24,145.41,145.41,139.02,132.89,15885.71,-4.96,-3.44,143.62,142.785,139.229,12422.43,15430.88,15543.43,1.51
2020-08-25,138.6,140.5,136.42,135.96,9548.7,-2.6,-1.87,141.14,142.154,140.3,11202.87,13366.98,15060.63,0.91
2020-08-26,136.53,138.8,131.23,129.46,9247.1,-5.19,-3.8,138.83,141.809,140.536,10783.61,11759.52,14666.89,0.88
2020-08-27,130.86,135.01,132.68,129.53,10482.4,1.45,1.1,136.666,141.07,140.341,10606.81,11416.59,14035.72,1.0
2020-08-28,134.0,137.18,135.8,131.2,7840.84,3.12,2.35,135.03,140.123,140.152,10600.95,11243.15,13707.12,0.75
2020-08-31,138.0,138.28,132.85,131.58,8536.8,-2.95,-2.17,133.796,138.708,140.076,9131.17,10776.8,13231.45,0.81
2020-09-01,134.0,134.58,132.6,131.23,5410.11,-0.25,-0.19,133.032,137.086,139.876,8303.45,9753.16,12702.24,0.51
2020-09-02,132.43,133.84,131.4,131.12,6158.83,-1.2,-0.91,133.066,135.948,139.586,7685.8,9234.7,12460.64,0.59
2020-09-03,131.8,135.48,131.03,129.56,7456.3,-0.37,-0.28,132.736,134.701,139.243,7080.58,8843.69,12425.36,0.71
2020-09-04,126.91,136.45,136.0,126.1,11653.2,4.97,3.79,132.776,133.903,139.067,7843.05,9222.0,12454.74,1.11
2020-09-07,135.87,135.87,127.71,127.12,11258.33,-8.29,-6.1,131.748,132.772,137.779,8387.35,8759.26,12095.07,1.07
2020-09-08,128.8,129.96,128.04,124.0,8245.49,0.33,0.26,130.836,131.934,137.044,8954.43,8628.94,10997.96,0.78
2020-09-09,125.12,126.7,124.56,121.53,9168.31,-3.48,-2.72,129.468,131.267,136.538,9556.33,8621.06,10190.29,0.87
2020-09-10,129.99,129.99,119.16,119.06,9310.18,-5.4,-4.33,127.094,129.915,135.493,9927.1,8503.84,9960.21,0.89
2020-09-11,119.0,123.23,121.48,117.66,8897.92,2.32,1.95,124.19,128.483,134.303,9376.05,8609.55,9926.35,0.85
2020-09-14,124.18,124.88,123.4,120.3,6465.1,1.92,1.58,123.328,127.538,133.123,8417.4,8402.38,9589.59,0.62
2020-09-15,123.85,129.8,123.68,123.06,8394.39,0.28,0.23,122.456,126.646,131.866,8447.18,8700.81,9226.98,0.8
2020-09-16,123.5,131.6,129.0,122.69,11653.58,5.32,4.3,123.344,126.406,131.177,8944.23,9250.28,9242.49,1.11
2020-09-17,127.16,134.5,134.0,126.0,9927.56,5.0,3.88,126.312,126.703,130.702,9067.71,9497.41,9170.55,0.94
2020-09-18,132.01,138.49,135.3,132.01,11951.39,1.3,0.97,129.076,126.633,130.268,9678.4,9527.23,9374.61,1.14
2020-09-21,135.3,138.53,136.39,131.2,9319.7,1.09,0.81,131.674,127.501,130.137,10249.32,9333.36,9046.31,0.89
2020-09-22,136.48,141.22,134.32,134.3,8289.78,-2.07,-1.52,133.802,128.129,130.032,10228.4,9337.79,8983.37,0.79
2020-09-23,137.89,140.6,137.33,134.2,9915.73,3.01,2.24,135.468,129.406,130.337,9880.83,9412.53,9016.8,0.94
2020-09-24,139.8,139.8,134.06,132.26,7706.47,-3.27,-2.38,135.48,130.896,130.406,9436.61,9252.16,8878.0,0.73
2020-09-25,122.66,128.99,120.65,120.65,5954.35,-13.41,-10.0,132.55,130.813,129.648,8237.21,8957.81,8783.68,0.57
2020-09-28,113.0,114.62,110.08,108.59,27976.95,-10.57,-8.76,127.288,129.481,128.51,11968.66,11108.99,9755.68,2.66
2020-09-29,110.0,114.6,107.05,106.61,17537.0,-3.03,-2.75,121.834,127.818,127.232,13818.1,12023.25,10362.03,1.67
2020-09-30,112.0,117.76,117.76,112.0,20728.07,10.71,10.01,117.92,126.694,126.55,15980.57,12930.7,11090.49,1.97
2020-10-09,120.65,121.2,116.42,113.0,13393.08,-1.34,-1.14,114.392,124.936,125.82,17117.89,13277.25,11387.33,1.27
2020-10-12,115.55,123.15,121.82,114.52,9478.26,5.4,4.64,114.626,123.588,125.111,17822.67,13029.94,11278.58,0.9
2020-10-13,122.4,125.2,123.31,119.28,6831.9,1.49,1.22,117.272,122.28,124.891,13593.66,12781.16,11057.26,0.65
2020-10-14,125.12,127.16,126.32,122.05,8503.7,3.01,2.44,121.126,121.48,124.805,11787.0,12802.55,11070.17,0.81
2020-10-15,126.95,129.5,124.5,124.0,7239.15,-1.82,-1.44,122.474,120.197,124.802,9089.22,12534.89,10973.71,0.69
2020-10-16,126.37,130.89,126.88,124.23,7772.0,2.38,1.91,124.566,119.479,125.188,7965.0,12541.45,10896.8,0.74
2020-10-19,127.94,129.0,120.34,118.97,11645.59,-6.54,-5.15,124.27,119.448,125.131,8398.47,13110.57,11034.19,1.11
2020-10-20,121.0,121.0,119.44,111.11,15601.55,-0.9,-0.75,123.496,120.384,124.933,10152.4,11873.03,11491.01,1.49
2020-10-21,120.95,121.88,116.25,113.5,10034.02,-3.19,-2.67,121.482,121.304,124.561,10458.46,11122.73,11572.99,0.96
2020-10-22,116.95,117.64,113.88,113.08,8699.36,-2.37,-2.04,119.358,120.916,123.805,10750.5,9919.86,11425.28,0.83
2020-10-23,115.4,115.4,110.0,109.5,9711.54,-3.88,-3.41,115.982,120.274,122.605,11138.41,9551.71,11414.48,0.92
2020-10-26,109.6,110.89,109.81,102.91,17848.99,-0.19,-0.17,113.876,119.073,121.331,12379.09,10388.78,11709.36,1.7
2020-10-27,112.19,113.84,113.69,109.41,7089.86,3.88,3.53,112.726,118.111,120.196,10676.75,10414.58,11597.87,0.67
2020-10-28,113.48,114.77,114.1,111.14,6712.1,0.41,0.36,112.296,116.889,119.185,10012.37,10235.42,11518.98,0.64
2020-10-29,113.33,115.29,114.33,111.62,4739.2,0.23,0.2,112.386,115.872,118.035,9220.34,9985.42,11260.16,0.45
2020-10-30,123.0,124.62,120.42,117.5,17788.17,6.09,5.33,114.47,115.226,117.353,10835.66,10987.04,11764.24,1.69
2020-11-02,123.0,124.37,117.2,116.0,15328.0,-3.22,-2.67,115.948,114.912,117.18,10331.47,11355.28,12232.92,1.46
2020-11-03,117.67,117.67,114.57,112.19,14776.1,-2.63,-2.24,116.124,114.425,117.405,11868.71,11272.73,11572.88,1.41
2020-11-04,114.29,115.6,112.41,112.0,9664.51,-2.16,-1.89,115.786,114.041,117.673,12459.2,11235.78,11179.26,0.92
2020-11-05,113.0,114.01,112.32,110.53,11019.6,-0.09,-0.08,115.384,113.885,117.401,13715.28,11467.81,10693.83,1.05
2020-11-06,112.32,112.64,110.12,107.8,14176.84,-2.2,-1.96,113.324,113.897,117.086,12993.01,11914.34,10733.02,1.35
2020-11-09,109.32,114.8,114.12,109.32,12970.29,4.0,3.63,112.708,114.328,116.701,12521.47,11426.47,10907.62,1.23
2020-11-10,114.09,114.35,113.25,110.51,6921.48,-0.87,-0.76,112.444,114.284,116.198,10950.54,11409.63,10912.1,0.66
2020-11-11,113.36,114.4,111.51,110.7,5147.31,-1.74,-1.54,112.264,114.025,115.457,10047.1,11253.15,10744.28,0.49
2020-11-12,111.41,113.5,111.45,110.0,4386.0,-0.06,-0.05,112.09,113.737,114.805,8720.38,11217.83,10601.63,0.42
2020-11-13,111.02,111.97,110.73,109.0,5919.5,-0.72,-0.65,112.212,112.768,113.997,7068.92,10030.96,10509.0,0.56
2020-11-16,111.0,112.11,109.58,108.49,7366.81,-1.15,-1.04,111.304,112.006,113.459,5948.22,9234.84,10295.06,0.7
2020-11-17,109.48,109.48,106.09,104.8,5773.14,-3.49,-3.19,109.872,111.158,112.792,5718.55,8334.55,9803.64,0.55
2020-11-18,106.04,106.5,104.11,100.99,10462.4,-1.98,-1.87,108.392,110.328,112.185,6781.57,8414.34,9825.06,1.0
2020-11-19,104.95,112.0,111.78,104.53,12237.16,7.67,7.37,108.458,110.274,112.08,8351.8,8536.09,10001.95,1.16
2020-11-20,112.31,112.31,109.88,108.14,7629.0,-1.9,-1.7,108.288,110.25,112.074,8693.7,7881.31,9897.82,0.73
2020-11-23,110.13,111.5,108.0,107.71,8069.1,-1.88,-1.71,107.972,109.638,111.983,8834.16,7391.19,9408.83,0.77
2020-11-24,109.0,109.0,107.11,106.6,4750.6,-0.89,-0.82,108.176,109.024,111.654,8629.65,7174.1,9291.87,0.45
2020-11-25,107.66,107.66,105.0,104.77,4826.02,-2.11,-1.97,108.354,108.373,111.199,7502.38,7141.97,9197.56,0.46
2020-11-26,104.32,105.53,102.49,101.4,7403.06,-2.51,-2.39,106.496,107.477,110.607,6535.56,7443.68,9330.75,0.7
2020-11-27,101.45,105.28,101.85,99.89,10437.66,-0.64,-0.62,104.89,106.589,109.679,7097.29,7895.5,8963.23,0.99
2020-11-30,101.26,102.99,98.54,97.78,11212.3,-3.31,-3.25,102.998,105.485,108.746,7725.93,8280.04,8757.44,1.07
2020-12-01,98.34,105.15,103.53,98.02,13282.13,4.99,5.06,102.282,105.229,108.194,9432.23,9030.94,8682.75,1.26
2020-12-02,104.47,105.5,101.17,100.5,9968.72,-2.36,-2.28,101.516,104.935,107.632,10460.77,8981.58,8697.96,0.95
2020-12-03,101.56,101.65,101.03,98.66,6877.98,-0.14,-0.14,101.224,103.86,107.067,10355.76,8445.66,8490.88,0.65
2020-12-04,100.45,103.36,102.98,100.15,8045.72,1.95,1.93,101.45,103.17,106.71,9877.37,8487.33,8184.32,0.77
2020-12-07,103.04,105.54,104.81,101.61,7618.0,1.83,1.78,102.704,102.851,106.245,9158.51,8442.22,7916.7,0.73
2020-12-08,104.81,106.57,104.11,103.3,7429.0,-0.7,-0.67,102.82,102.551,105.788,7987.88,8710.06,7942.08,0.71
2020-12-09,103.92,104.28,101.33,101.33,6599.15,-2.78,-2.67,102.852,102.184,105.279,7313.97,8887.37,8014.67,0.63
2020-12-10,99.79,103.32,102.56,99.79,5461.01,1.23,1.21,103.158,102.191,104.834,7030.58,8693.17,8068.42,0.52
2020-12-11,102.79,103.25,101.9,99.13,5118.31,-0.66,-0.64,102.942,102.196,104.393,6445.09,8161.23,8028.36,0.49
2020-12-14,101.0,101.78,100.03,99.29,5044.26,-1.87,-1.83,101.986,102.345,103.915,5930.35,7544.43,7912.24,0.48
2020-12-15,100.24,102.47,99.15,98.68,5846.57,-0.88,-0.88,100.994,101.907,103.568,5613.86,6800.87,7915.91,0.56
2020-12-16,100.35,100.35,98.1,97.1,6498.84,-1.05,-1.06,100.348,101.6,103.268,5593.8,6453.88,7717.73,0.62
2020-12-17,99.5,101.85,100.78,96.31,8722.54,2.68,2.73,99.992,101.575,102.718,6246.1,6638.34,7542.0,0.83
2020-12-18,100.56,102.88,99.8,99.66,7386.2,-0.98,-0.97,99.572,101.257,102.214,6699.68,6572.39,7529.86,0.7
2020-12-21,100.0,103.3,103.07,98.8,8394.82,3.27,3.28,100.18,101.083,101.967,7369.79,6650.07,7546.14,0.8
2020-12-22,101.3,106.89,104.02,101.3,9970.31,0.95,0.92,101.154,101.074,101.813,8194.54,6904.2,7807.13,0.95
2020-12-23,104.13,107.01,104.73,103.01,7363.47,0.71,0.68,102.48,101.414,101.799,8367.47,6980.63,7934.0,0.7
2020-12-24,104.15,106.38,102.56,102.15,5471.06,-2.17,-2.07,102.836,101.414,101.803,7717.17,6981.64,7837.4,0.52
2020-12-25,101.75,103.9,102.52,97.5,7636.97,-0.04,-0.04,103.38,101.476,101.836,7767.33,7233.5,7697.37,0.73
2020-12-28,103.19,104.31,102.0,101.0,6189.31,-0.52,-0.51,103.166,101.673,102.009,7326.22,7348.01,7446.22,0.59
2020-12-29,101.49,105.5,104.31,99.06,8294.18,2.31,2.27,103.224,102.189,102.048,6991.0,7592.77,7196.82,0.79
2020-12-30,104.73,105.76,102.7,101.6,8643.2,-1.61,-1.54,102.818,102.649,102.125,7246.94,7807.21,7130.55,0.82
2020-12-31,102.3,106.3,105.25,101.19,7098.65,2.55,2.48,103.356,103.096,102.336,7572.46,7644.82,7141.58,0.68
2021-01-04,104.0,105.6,100.4,99.7,10960.22,-4.85,-4.61,102.932,103.156,102.207,8237.11,8002.22,7287.3,1.04
2021-01-05,100.08,104.55,102.46,99.8,14000.62,2.06,2.05,103.024,103.095,102.089,9799.37,8562.8,7606.43,1.33
2021-01-06,101.63,103.0,99.52,98.88,11517.19,-2.94,-2.87,102.066,102.645,101.86,10443.98,8717.49,7810.84,1.1
2021-01-07,99.45,99.52,96.75,95.52,11991.12,-2.77,-2.78,100.876,101.847,101.631,11113.56,9180.25,8080.44,1.14
2021-01-08,96.63,98.22,94.18,92.91,10149.88,-2.57,-2.66,98.662,101.009,101.212,11723.81,9648.13,8314.89,0.97
2021-01-11,93.21,93.49,87.39,86.73,15270.37,-6.79,-7.21,96.06,99.496,100.486,12585.84,10411.47,8822.49,1.45
2021-01-12,86.67,96.13,96.13,86.67,16362.13,8.74,10.0,94.794,98.909,100.291,13058.14,11428.76,9388.38,1.56
2021-01-13,102.36,105.0,103.0,99.5,24029.09,6.87,7.15,95.49,98.778,100.484,15560.52,13002.25,10297.51,2.29
2021-01-14,106.0,111.86,109.28,104.05,19073.58,6.28,6.1,97.996,99.436,101.043,16977.01,14045.29,10926.25,1.82
2021-01-15,109.86,109.86,104.39,98.35,13056.69,-4.89,-4.47,100.038,99.35,101.223,17558.37,14641.09,11142.95,1.24
2021-01-18,105.44,111.18,110.2,103.21,17377.24,5.81,5.57,104.6,100.33,101.743,17979.75,15282.79,11642.51,1.65
2021-01-19,110.21,113.32,108.15,107.0,10472.0,-2.05,-1.86,107.004,100.899,101.997,16801.72,14929.93,11746.36,1.0
2021-01-20,108.3,115.0,112.19,107.86,11108.55,4.04,3.74,108.842,102.166,102.406,14217.61,14889.07,11803.28,1.06
2021-01-21,109.98,112.37,109.97,108.1,7828.16,-2.22,-1.98,108.98,103.488,102.668,11968.53,14472.77,11826.51,0.75
2021-01-22,109.0,109.97,106.06,104.88,12518.35,-3.91,-3.56,109.314,104.676,102.843,11860.86,14709.62,12178.88,1.19
2021-01-25,105.88,111.31,105.69,104.68,16794.14,-0.37,-0.35,108.412,106.506,103.001,11744.24,14861.99,12636.73,1.6
2021-01-26,104.0,107.8,105.88,102.72,10072.79,0.19,0.18,107.958,107.481,103.195,11664.4,14233.06,12830.91,0.96
2021-01-27,109.01,111.0,109.54,105.5,15683.84,3.66,3.46,107.428,108.135,103.457,12579.46,13398.53,13200.39,1.49
2021-01-28,108.28,114.06,108.32,107.28,13121.8,-1.22,-1.11,107.098,108.039,103.738,13638.18,12803.36,13424.32,1.25
2021-01-29,107.22,112.58,109.6,107.22,15268.82,1.28,1.18,107.806,108.56,103.955,14188.28,13024.57,13832.83,1.45
2021-02-01,111.0,120.55,120.55,108.0,21658.51,10.95,9.99,110.778,109.595,104.963,15161.15,13452.7,14367.74,2.06
2021-02-02,120.05,120.05,118.3,114.61,16956.41,-2.25,-1.87,113.262,110.61,105.755,16537.88,14101.14,14515.53,1.61
2021-02-03,117.3,120.95,116.78,115.24,17184.77,-1.52,-1.28,114.71,111.069,106.618,16838.06,14708.76,14798.91,1.64
2021-02-04,117.01,127.73,126.2,114.98,21984.46,9.42,8.07,118.286,112.692,108.09,18610.59,16124.39,15298.58,2.09
2021-02-05,126.19,129.0,120.48,120.0,19835.92,-5.72,-4.53,120.462,114.134,109.405,19524.01,16856.15,15782.88,1.89
2021-02-08,117.0,119.79,117.49,111.03,14903.35,-2.99,-2.48,119.85,115.314,110.91,18172.98,16667.07,15764.53,1.42
2021-02-09,115.35,119.18,116.25,113.58,9759.61,-1.24,-1.05,119.44,116.351,111.916,16733.62,16635.75,15434.4,0.93
2021-02-10,116.34,117.98,110.45,105.19,20885.87,-5.8,-4.99,118.174,116.442,112.289,17473.84,17155.95,15277.24,1.99
2021-02-18,110.29,118.8,115.53,110.29,20301.37,5.08,4.6,116.04,117.163,112.601,17137.22,17873.91,15338.63,1.93
2021-02-19,114.5,114.5,109.44,109.0,13699.64,-6.09,-5.27,113.832,117.147,112.854,15909.97,17716.99,15370.78,1.3
2021-02-22,110.0,112.32,108.0,107.25,13091.27,-1.44,-1.32,111.934,115.892,112.744,15547.55,16860.27,15156.48,1.25
2021-02-23,107.2,111.78,109.6,104.2,16247.9,1.6,1.48,110.604,115.022,112.816,16845.21,16789.42,15445.28,1.55
2021-02-24,109.5,112.47,107.83,107.09,12656.58,-1.77,-1.61,110.08,114.127,112.598,15199.35,16336.6,15522.68,1.2
2021-02-25,108.07,113.49,113.06,104.99,13452.88,5.23,4.85,109.586,112.813,112.753,13829.65,15483.44,15803.91,1.28
2021-02-26,110.0,110.69,109.29,107.01,12073.66,-3.77,-3.33,109.556,111.694,112.914,13504.46,14707.21,15781.68,1.15
2021-03-01,108.87,109.74,106.5,106.0,18500.11,-2.79,-2.55,109.256,110.595,112.955,14586.23,15066.89,15866.98,1.76
2021-03-02,107.0,112.04,109.29,106.8,13767.16,2.79,2.62,109.194,109.899,113.125,14090.08,15467.64,16051.7,1.31
2021-03-03,108.72,118.47,115.37,108.72,16972.75,6.08,5.56,110.702,110.391,113.417,14953.31,15076.33,16116.14,1.62
2021-03-04,114.76,116.49,113.36,110.6,11659.25,-2.01,-1.74,110.762,110.174,113.669,14594.59,14212.12,16043.01,1.11
2021-03-05,111.96,119.96,117.7,111.58,15112.95,4.34,3.83,112.444,111.0,114.074,15202.44,14353.45,16035.22,1.44
2021-03-08,120.92,120.92,113.0,113.0,17458.14,-4.7,-3.99,113.744,111.5,113.696,14994.05,14790.14,15825.2,1.66
2021-03-09,111.26,111.26,101.7,101.7,17004.31,-11.3,-10.0,112.226,110.71,112.866,15641.48,14865.78,15827.6,1.62
2021-03-10,101.7,102.0,96.32,94.42,22264.44,-5.38,-5.29,108.416,109.559,111.843,16699.82,15826.57,16081.58,2.12
2021-03-11,96.51,101.75,100.0,96.51,11000.63,3.68,3.82,105.744,108.253,110.533,16568.09,15581.34,15532.39,1.05
2021-03-12,99.76,101.29,99.63,97.75,5654.56,-0.37,-0.37,102.13,107.287,109.491,14676.42,14939.43,14823.32,0.54
2021-03-15,99.5,100.1,95.75,94.43,10546.1,-3.88,-3.89,98.68,106.212,108.404,13294.01,14144.03,14605.46,1.0
2021-03-16,96.9,100.79,99.24,96.31,9593.0,3.49,3.65,98.188,105.207,107.553,11811.75,13726.61,14597.13,0.91
2021-03-17,99.75,101.0,99.21,97.51,6838.3,-0.03,-0.03,98.766,103.591,106.991,8726.52,12713.17,13894.75,0.65
2021-03-18,99.48,107.87,104.5,99.41,14614.17,5.29,5.33,99.666,102.705,106.44,9449.23,13008.66,13610.39,1.39
2021-03-19,103.34,106.51,104.59,101.6,8659.4,0.09,0.09,100.658,101.394,106.197,10050.19,12363.31,13358.38,0.82
2021-03-22,103.55,109.18,106.04,103.23,8234.97,1.45,1.39,102.716,100.698,106.099,9587.97,11440.99,13115.56,0.78
2021-03-23,106.1,107.32,105.81,105.0,5429.35,-0.23,-0.22,104.03,101.109,105.91,8755.24,10283.49,12574.64,0.52
2021-03-24,105.03,108.5,105.72,104.3,7205.34,-0.09,-0.09,105.332,102.049,105.804,8828.65,8777.58,12302.07,0.69
2021-03-25,104.67,109.89,109.13,104.67,6247.64,3.41,3.23,106.258,102.962,105.608,7155.34,8302.28,11941.81,0.59
2021-03-26,108.48,110.78,107.69,106.01,9527.42,-1.44,-1.32,106.878,103.768,105.528,7328.94,8689.57,11814.5,0.91
2021-03-29,108.29,112.26,111.21,107.42,7853.78,3.52,3.27,107.912,105.314,105.763,7252.71,8420.34,11282.18,0.75
2021-03-30,111.21,113.33,111.88,110.34,7468.95,0.67,0.6,109.126,106.578,105.893,7660.63,8207.93,10967.27,0.71
2021-03-31,111.0,113.74,111.83,110.17,4509.49,-0.05,-0.04,110.348,107.84,105.716,7121.46,7975.05,10344.11,0.43
2021-04-01,112.5,113.96,111.71,111.0,4149.79,-0.12,-0.11,110.864,108.561,105.633,6701.89,6928.61,9968.64,0.39
2021-04-02,112.3,113.4,110.54,109.9,8133.88,-1.17,-1.05,111.434,109.156,105.275,6423.18,6876.06,9619.68,0.77
2021-04-06,111.1,114.43,112.55,110.54,9049.04,2.01,1.82,111.702,109.807,105.253,6662.23,6957.47,9199.23,0.86
2021-04-07,112.9,115.28,113.05,111.5,6884.1,0.5,0.44,111.936,110.531,105.82,6545.26,7102.94,8693.22,0.66
2021-04-08,113.13,115.6,115.0,111.65,7863.87,1.95,1.73,112.57,111.459,106.754,7216.14,7168.8,7973.19,0.75
2021-04-09,114.63,115.97,115.1,113.0,6438.81,0.1,0.09,113.248,112.056,107.509,7673.94,7187.91,7745.1,0.61
2021-04-12,115.42,120.3,113.55,113.53,8774.9,-1.55,-1.35,113.85,112.642,108.205,7802.14,7112.66,7901.12,0.84
2021-04-13,112.7,117.37,113.7,112.7,7650.17,0.15,0.13,114.08,112.891,109.103,7522.37,7092.3,7756.32,0.73
2021-04-14,114.02,118.0,117.66,112.7,8646.48,3.96,3.48,115.002,113.469,110.024,7874.85,7210.05,7708.99,0.82
2021-04-15,116.19,118.0,113.1,111.8,9723.42,-4.56,-3.88,114.622,113.596,110.718,8246.76,7731.45,7853.25,0.93
2021-04-16,113.3,117.82,117.35,113.3,9951.71,4.25,3.76,115.072,114.16,111.361,8949.34,8311.64,7620.13,0.95
2021-04-19,117.75,117.87,115.1,110.0,15470.79,-2.25,-1.92,115.382,114.616,111.886,10288.51,9045.33,7960.7,1.47
2021-04-20,114.35,116.38,114.51,113.01,8126.23,-0.59,-0.51,115.544,114.812,112.31,10383.73,8953.05,7955.26,0.77
2021-04-21,114.51,116.5,112.1,111.2,11643.17,-2.41,-2.1,114.432,114.717,112.624,10983.06,9428.96,8265.95,1.11
2021-04-22,112.75,116.37,115.27,112.0,10493.9,3.17,2.83,114.866,114.744,113.102,11137.16,9691.96,8430.38,1.0
2021-04-23,116.14,117.33,115.98,115.0,6750.07,0.71,0.62,114.592,114.832,113.444,10496.83,9723.08,8455.5,0.64
2021-04-26,116.0,120.39,120.0,115.2,10688.82,4.02,3.47,115.572,115.477,114.06,9540.44,9914.48,8513.57,1.02
2021-04-27,120.37,120.44,116.65,114.07,9929.79,-3.35,-2.79,116.0,115.772,114.332,9901.15,10142.44,8617.37,0.95
2021-04-28,114.0,117.98,113.9,110.5,18948.4,-2.75,-2.36,116.36,115.396,114.433,11362.2,11172.63,9191.34,1.8
2021-04-29,114.21,114.21,110.09,110.0,13846.39,-3.81,-3.35,115.324,115.095,114.346,12032.69,11584.93,9658.19,1.32
2021-04-30,109.93,112.88,110.0,106.01,9784.04,-0.09,-0.08,114.128,114.36,114.26,12639.49,11568.16,9939.9,0.93
2021-05-06,109.34,109.77,107.43,106.5,17077.58,-2.57,-2.34,111.614,113.593,114.105,13917.24,11728.84,10387.08,1.63
2021-05-07,107.85,108.5,106.0,104.06,12069.22,-1.43,-1.33,109.484,112.742,113.777,14345.13,12123.14,10538.09,1.15
2021-05-10,106.94,106.97,100.0,99.0,16670.81,-6.0,-5.66,106.704,111.532,113.125,13889.61,12625.9,11027.43,1.59
2021-05-11,102.0,102.0,98.92,97.62,10204.37,-1.08,-1.08,104.47,109.897,112.321,13161.2,12596.95,11144.45,0.97
2021-05-12,98.61,99.0,96.0,95.0,12585.83,-2.92,-2.95,101.67,107.899,111.366,13721.56,13180.53,11451.8,1.2
2021-05-13,95.85,95.85,91.55,91.08,11543.07,-4.45,-4.63,98.494,105.054,110.266,12614.66,13265.95,11590.21,1.1
2021-05-14,91.55,91.98,91.02,87.8,24677.69,-0.53,-0.58,95.498,102.491,109.132,15136.35,14740.74,12441.59,2.35
2021-05-17,90.0,92.27,91.48,89.33,21893.4,0.46,0.51,93.794,100.249,107.823,16180.87,15035.24,13103.94,2.08
2021-05-18,91.31,97.1,96.8,89.74,18298.43,5.32,5.82,93.37,98.92,107.008,17799.68,15480.44,13532.69,1.74
2021-05-19,98.0,102.5,99.42,95.59,10503.97,2.62,2.71,94.054,97.862,106.111,17383.31,15552.44,13560.3,1.0
2021-05-20,99.4,105.51,105.0,99.4,11175.42,5.58,5.61,96.744,97.619,105.606,17309.78,14962.22,13345.53,1.06
2021-05-21,104.35,105.99,102.98,101.05,9720.2,-2.02,-1.92,99.136,97.317,105.03,14318.28,14727.32,13425.23,0.93
2021-05-24,101.63,103.98,103.1,98.55,7325.55,0.12,0.12,101.46,97.627,104.58,11404.71,13792.79,13209.35,0.7
2021-05-25,104.14,105.0,103.52,102.0,7651.89,0.42,0.41,102.804,98.087,103.992,9275.41,13537.55,13067.25,0.73
2021-05-26,103.24,108.0,105.61,103.24,6854.95,2.09,2.02,104.042,99.048,103.474,8545.6,12964.46,13072.49,0.65
2021-05-27,106.27,106.27,102.72,101.73,9199.69,-2.89,-2.74,103.586,100.165,102.61,8150.46,12730.12,12998.03,0.88
2021-05-28,102.3,105.25,103.18,102.03,7806.2,0.46,0.45,103.626,101.381,101.936,7767.66,11042.97,12891.86,0.74
2021-05-31,104.0,104.0,100.9,100.0,8914.09,-2.28,-2.21,103.186,102.323,101.286,8085.36,9745.04,12390.14,0.85
2021-06-01,101.98,102.96,101.87,101.0,5948.21,0.97,0.96,102.856,102.83,100.875,7744.63,8510.02,11995.23,0.57
2021-06-02,101.58,102.6,100.4,100.4,5931.15,-1.47,-1.44,101.814,102.928,100.395,7559.87,8052.74,11802.59,0.56
2021-06-03,100.49,101.96,99.8,97.81,5084.26,-0.6,-0.6,101.23,102.408,100.014,6736.78,7443.62,11202.92,0.48
2021-06-04,99.26,100.0,99.4,97.7,7006.27,-0.4,-0.4,100.474,102.05,99.684,6576.8,7172.23,10949.77,0.67
2021-06-07,100.96,100.96,97.89,95.03,10090.04,-1.51,-1.52,99.872,101.529,99.578,6811.99,7448.68,10620.73,0.96
2021-06-08,98.19,100.5,96.5,95.5,8854.77,-1.39,-1.42,98.798,100.827,99.457,7393.3,7568.96,10553.25,0.84
2021-06-09,99.11,106.15,106.15,97.5,18314.65,9.65,10.0,99.948,100.881,99.965,9870.0,8714.93,10839.7,1.74
2021-06-10,106.14,106.87,102.6,102.08,23414.74,-3.55,-3.34,100.508,100.869,100.517,13536.09,10136.44,11433.28,2.23
2021-06-11,101.49,102.3,97.73,97.4,9922.31,-4.87,-4.75,100.174,100.324,100.853,14119.3,10348.05,10695.51,0.94
2021-06-15,98.88,98.88,96.15,95.3,6724.68,-1.58,-1.62,99.826,99.849,101.086,13446.23,10129.11,9937.07,0.64
2021-06-16,96.5,97.0,92.95,92.8,6513.36,-3.2,-3.33,99.116,98.957,100.894,12977.95,10185.62,9347.82,0.62
2021-06-17,92.95,94.29,92.9,92.0,4360.52,-0.05,-0.05,96.466,98.207,100.568,10187.12,10028.56,9040.65,0.42
2021-06-18,92.9,99.9,96.42,92.9,14149.18,3.52,3.79,95.23,97.869,100.139,8334.01,10935.05,9189.34,1.35
2021-06-21,96.0,100.68,99.49,96.0,11907.68,3.07,3.18,95.582,97.878,99.964,8731.08,11425.19,9298.71,1.13
2021-06-22,99.5,99.5,97.1,96.59,7023.42,-2.39,-2.4,95.772,97.799,99.664,8790.83,11118.53,9283.6,0.67
2021-06-23,97.16,97.16,95.87,95.09,5167.33,-1.23,-1.27,96.356,97.736,99.282,8521.63,10749.79,9159.38,0.49
2021-06-24,95.7,96.5,96.06,93.83,4378.6,0.19,0.2,96.988,96.727,98.804,8525.24,9356.18,9035.56,0.42
2021-06-25,97.22,97.22,95.49,94.5,5911.64,-0.57,-0.59,96.802,96.016,98.443,6877.73,7605.87,8871.16,0.56
2021-06-28,96.0,98.19,96.51,94.5,4674.45,1.02,1.07,96.206,95.894,98.109,5431.09,7081.09,8714.57,0.44
2021-06-29,97.25,97.34,95.82,93.7,5352.21,-0.69,-0.71,95.95,95.861,97.855,5096.85,6943.84,8536.47,0.51
2021-06-30,95.0,95.0,93.99,91.68,8446.83,-1.83,-1.91,95.574,95.965,97.461,5752.75,7137.19,8661.4,0.8
2021-07-01,94.87,94.87,92.68,91.5,6884.84,-1.31,-1.39,94.898,95.943,97.075,6253.99,7389.62,8709.09,0.66
2021-07-02,92.0,94.0,93.25,90.65,6243.65,0.57,0.61,94.45,95.626,96.748,6320.4,6599.07,8767.06,0.59
2021-07-05,92.0,93.5,91.98,91.45,3895.89,-1.27,-1.36,93.544,94.875,96.377,6164.68,5797.89,8611.54,0.37
2021-07-06,91.99,92.49,92.06,91.01,2519.3,0.08,0.09,92.792,94.371,96.085,5598.1,5347.47,8233.0,0.24
2021-07-07,92.04,99.9,97.67,92.04,12455.46,5.61,6.09,93.528,94.551,96.144,6399.83,6076.29,8413.04,1.19
2021-07-08,95.6,98.24,91.27,91.01,11959.0,-6.4,-6.55,93.246,94.072,95.4,7414.66,6834.33,8095.25,1.14
2021-07-09,91.01,93.95,93.75,90.2,4825.62,2.48,2.72,93.346,93.898,94.957,7131.05,6725.73,7165.8,0.46
2021-07-12,94.18,94.18,92.19,91.79,4982.37,-1.56,-1.66,93.388,93.466,94.68,7348.35,6756.52,6918.8,0.47
2021-07-13,92.01,92.67,91.03,89.66,6508.79,-1.16,-1.26,93.182,92.987,94.424,8146.25,6872.18,6908.01,0.62
2021-07-14,91.03,91.5,90.1,89.4,3312.77,-0.93,-1.02,91.668,92.598,94.282,6317.71,6358.77,6747.98,0.32
2021-07-15,90.1,90.98,88.38,87.6,5441.24,-1.72,-1.91,91.09,92.168,94.056,5014.16,6214.41,6802.01,0.52
2021-07-16,89.0,91.57,89.05,88.7,7195.74,0.67,0.76,90.15,91.748,93.687,5488.18,6309.62,6454.34,0.68
2021-07-19,89.12,89.12,87.25,87.0,6439.04,-1.8,-2.02,89.162,91.275,93.075,5779.52,6563.93,6180.91,0.61
2021-07-20,87.0,88.45,88.0,85.55,3611.89,0.75,0.86,88.556,90.869,92.62,5200.14,6673.19,6010.33,0.34
2021-07-21,88.55,88.55,85.85,84.48,4889.52,-2.15,-2.44,87.706,89.687,92.119,5515.49,5916.6,5996.44,0.47
2021-07-22,85.86,87.99,86.21,85.1,5145.17,0.36,0.42,87.272,89.181,91.627,5456.27,5235.22,6034.77,0.49
2021-07-23,86.22,87.21,81.2,80.35,9838.02,-5.01,-5.81,85.702,87.926,90.912,5984.73,5736.46,6231.09,0.94
2021-07-26,81.21,81.77,75.01,74.0,9102.5,-6.19,-7.62,83.254,86.208,89.837,6517.42,6148.47,6452.49,0.87
2021-07-27,76.01,76.94,73.84,73.69,10411.06,-1.17,-1.56,80.422,84.489,88.738,7877.25,6538.7,6705.44,0.99
2021-07-28,73.4,74.0,73.83,68.01,10700.44,-0.01,-0.01,78.018,82.862,87.73,9039.44,7277.46,6818.12,1.02
2021-07-29,73.88,75.12,71.37,71.12,5660.84,-2.46,-3.33,75.05,81.161,86.665,9142.57,7299.42,6756.92,0.54
2021-07-30,71.37,71.88,70.36,69.0,8355.74,-1.01,-1.42,72.882,79.292,85.52,8846.12,7415.42,6862.52,0.8
2021-08-02,69.25,72.0,71.51,68.2,10349.56,1.15,1.63,72.182,77.718,84.497,9095.53,7806.47,7185.2,0.99
2021-08-03,72.1,74.45,71.15,71.02,7185.74,-0.36,-0.5,71.644,76.033,83.451,8450.46,8163.86,7418.53,0.68
2021-08-04,72.3,72.3,68.8,68.0,12253.19,-2.35,-3.3,70.638,74.328,82.008,8761.01,8900.23,7408.41,1.17
2021-08-05,68.72,70.2,67.95,66.49,12649.08,-0.85,-1.24,69.954,72.502,80.842,10158.66,9650.62,7442.92,1.2
2021-08-06,68.49,68.58,65.99,63.8,13824.87,-1.96,-2.88,69.08,70.981,79.454,11252.49,10049.3,7892.88,1.32
2021-08-09,65.84,72.59,72.59,65.84,9276.23,6.6,10.0,69.296,70.739,78.474,11037.82,10066.68,8107.57,0.88
2021-08-10,77.25,77.25,69.92,69.68,16424.12,-2.67,-3.68,69.05,70.347,77.418,12885.5,10667.98,8603.34,1.56
2021-08-11,70.2,76.91,76.91,70.2,12328.97,6.99,10.0,70.672,70.655,76.759,12900.65,10830.83,9054.15,1.17
2021-08-12,77.5,79.98,74.9,74.6,20855.1,-2.01,-2.61,72.062,71.008,76.085,14541.86,12350.26,9824.84,1.99
2021-08-13,75.3,75.42,75.02,71.46,11607.82,0.12,0.16,73.868,71.474,75.383,14098.45,12675.47,10045.45,1.1
2021-08-16,73.0,79.3,78.4,72.9,16573.54,3.38,4.5,75.03,72.163,74.941,15557.91,13297.87,10552.17,1.58
2021-08-17,78.5,86.24,83.16,76.0,22717.82,4.76,6.07,77.678,73.364,74.699,16816.65,14851.07,11507.47,2.16
2021-08-18,82.2,83.82,82.26,79.6,13105.28,-0.9,-1.08,78.748,74.71,74.519,16971.91,14936.28,11918.25,1.25
2021-08-19,79.77,84.5,84.11,79.77,8341.82,1.85,2.25,80.59,76.326,74.414,14469.26,14505.56,12078.09,0.79
2021-08-20,83.03,84.12,81.9,81.0,5874.0,-2.21,-2.63,81.966,77.917,74.449,13322.49,13710.47,11879.89,0.56
2021-08-23,82.5,82.5,80.0,79.0,7424.2,-1.9,-2.32,82.286,78.658,74.699,11492.62,13525.27,11795.97,0.71
2021-08-24,80.01,80.01,78.0,77.5,6509.67,-2.0,-2.5,81.254,79.466,74.907,8250.99,12533.82,11600.9,0.62
2021-08-25,78.24,79.25,78.5,77.72,3407.03,0.5,0.64,80.502,79.625,75.14,6311.34,11641.63,11236.23,0.32
2021-08-26,78.5,79.77,76.61,76.1,4258.51,-1.89,-2.41,79.002,79.796,75.402,5494.68,9981.97,11166.11,0.41
2021-08-27,77.6,77.6,75.3,74.07,4145.29,-1.31,-1.71,77.682,79.824,75.649,5148.94,9235.72,10955.59,0.39
2021-08-30,74.41,75.62,72.55,71.73,6679.6,-2.75,-3.65,76.192,79.239,75.701,5000.02,8246.32,10772.09,0.64
2021-08-31,72.63,75.17,70.95,70.0,5704.56,-1.6,-2.21,74.782,78.018,75.691,4839.0,6545.0,10698.04,0.54
2021-09-01,71.19,75.68,74.5,70.21,8053.95,3.55,5.0,73.982,77.242,75.976,5768.38,6039.86,10488.07,0.77
2021-09-02,73.9,76.44,72.5,71.3,6678.76,-2.0,-2.69,73.16,76.081,76.204,6252.43,5873.56,10189.56,0.64
2021-09-03,72.5,73.38,71.84,71.0,3431.74,-0.66,-0.91,72.468,75.075,76.496,6109.72,5629.33,9669.9,0.33
2021-09-06,71.3,72.79,71.84,71.0,4419.0,0.0,0.0,72.326,74.259,76.459,5657.6,5328.81,9427.04,0.42
2021-09-07,71.8,71.8,71.52,70.52,3856.25,-0.32,-0.45,72.44,73.611,76.539,5287.94,5063.47,8798.65,0.37
2021-09-08,70.98,75.6,73.75,70.95,6860.43,2.23,3.12,72.29,73.136,76.381,5049.24,5408.81,8525.22,0.65
2021-09-09,73.02,74.0,72.01,71.78,3878.25,-1.74,-2.36,72.192,72.676,76.236,4489.13,5370.78,7676.38,0.37
2021-09-10,72.0,72.48,71.76,70.58,3969.06,-0.25,-0.35,72.176,72.322,76.073,4596.6,5353.16,7294.44,0.38
2021-09-13,71.76,72.78,71.28,71.13,3100.26,-0.48,-0.67,72.064,72.195,75.717,4332.85,4995.23,6620.77,0.3
2021-09-14,73.0,73.0,71.96,70.02,6589.03,0.68,0.95,72.152,72.296,75.157,4879.41,5083.67,5814.33,0.63
2021-09-15,70.6,70.6,69.11,68.11,6952.58,-2.85,-3.96,71.224,71.757,74.5,4897.84,4973.54,5506.7,0.66
2021-09-16,69.15,69.18,66.44,65.8,6351.5,-2.67,-3.86,70.11,71.151,73.616,5392.49,4940.81,5407.18,0.6
2021-09-17,65.21,65.21,62.19,61.77,5847.32,-3.03,-4.65,68.196,70.186,72.631,5768.14,5182.37,5405.85,0.56
2021-09-22,60.66,61.29,60.11,58.6,8831.47,-2.08,-3.35,65.962,69.013,71.636,6914.38,5623.62,5476.21,0.84
2021-09-23,60.8,64.17,63.49,60.12,7384.35,3.38,5.62,64.268,68.21,70.911,7073.44,5976.43,5519.95,0.7
2021-09-24,63.56,63.57,62.0,59.7,7642.51,-1.49,-2.35,62.846,67.035,70.086,7211.43,6054.63,5731.72,0.73
2021-09-27,61.27,62.98,62.1,61.27,4453.0,0.1,0.16,61.978,66.044,69.36,6831.73,6112.11,5741.45,0.42
2021-09-28,62.1,63.96,63.1,61.21,5032.03,1.0,1.61,62.16,65.178,68.75,6668.67,6218.41,5785.78,0.48
2021-09-29,62.21,62.5,59.36,59.26,6205.38,-3.74,-5.93,62.01,63.986,68.091,6143.45,6528.92,5762.07,0.59
2021-09-30,59.89,63.48,63.41,59.68,7962.17,4.05,6.82,61.994,63.131,67.714,6259.02,6666.23,5874.95,0.76
2021-10-08,63.3,63.58,61.35,61.26,6417.0,-2.06,-3.25,61.864,62.355,67.056,6013.92,6612.67,5793.1,0.61
2021-10-11,61.4,62.78,61.26,60.41,5974.24,-0.09,-0.15,61.696,61.837,66.494,6318.16,6574.95,5757.88,0.57
2021-10-12,61.02,62.09,61.42,60.13,5450.21,0.16,0.26,61.36,61.76,65.973,6401.8,6535.24,5858.8,0.52
2021-10-13,61.1,61.61,61.17,60.1,3050.1,-0.25,-0.41,61.722,61.866,65.44,5770.74,5957.1,5790.36,0.29
2021-10-14,60.91,61.51,60.65,60.19,3481.62,-0.52,-0.85,61.17,61.582,64.896,4874.63,5566.83,5771.63,0.33
2021-10-15,61.2,61.2,59.76,59.03,3220.69,-0.89,-1.47,60.852,61.358,64.197,4235.37,5124.64,5589.64,0.31
2021-10-18,59.76,60.0,58.19,57.58,5896.69,-1.57,-2.63,60.238,60.967,63.506,4219.86,5269.01,5690.56,0.56
2021-10-19,59.0,59.96,59.46,57.37,5614.0,1.27,2.18,59.846,60.603,62.891,4252.62,5327.21,5772.81,0.53
2021-10-20,59.46,59.78,57.22,56.52,6289.85,-2.24,-3.77,59.056,60.389,62.188,4900.57,5335.66,5932.29,0.6
2021-10-21,57.25,62.93,59.2,57.25,16883.77,1.98,3.46,58.766,59.968,61.55,7581.0,6227.82,6447.02,1.61
2021-10-22,60.52,65.12,65.12,60.52,25571.48,5.92,10.0,59.838,60.345,61.35,12051.16,8143.27,7377.97,2.43
2021-10-25,64.02,65.0,63.52,60.2,34772.05,-1.6,-2.46,60.904,60.571,61.204,17826.23,11023.05,8799.0,3.31
2021-10-26,62.3,62.85,58.95,58.5,20858.23,-4.57,-7.2,60.802,60.324,61.042,20875.08,12563.85,9549.54,1.99
2021-10-27,58.1,59.43,53.09,53.06,22422.86,-5.86,-9.94,59.976,59.516,60.691,24101.68,14501.12,10229.11,2.13
2021-10-28,51.96,51.96,50.92,49.48,16007.68,-2.17,-4.09,58.32,58.543,60.063,23926.46,15753.73,10660.28,1.52
2021-10-29,51.11,52.69,51.9,49.69,12382.86,0.98,1.93,55.676,57.757,59.558,21288.74,16669.95,10897.3,1.18
2021-11-01,51.45,53.98,53.3,50.85,9560.62,1.4,2.7,53.632,57.268,59.118,16246.45,17036.34,11152.68,0.91
2021-11-02,53.0,54.69,52.23,52.17,5878.12,-1.07,-2.01,52.288,56.545,58.574,13250.43,17062.75,11194.98,0.56
2021-11-03,51.19,53.38,52.51,51.19,4902.16,0.28,0.54,52.172,56.074,58.232,9746.29,16923.98,11129.82,0.47
2021-11-04,52.5,52.97,52.34,51.52,4710.15,-0.17,-0.32,52.456,55.388,57.678,7486.78,15706.62,10967.22,0.45
2021-11-05,52.33,52.8,51.73,51.55,4758.15,-0.61,-1.17,52.422,54.049,57.197,5961.84,13625.29,10884.28,0.45
2021-11-08,51.3,53.0,51.37,51.1,6593.85,-0.36,-0.7,52.036,52.834,56.703,5368.49,10807.47,10915.26,0.63
2021-11-09,51.71,53.02,52.46,50.77,7991.58,1.09,2.12,52.082,52.185,56.255,5791.18,9520.8,11042.33,0.76
2021-11-10,52.46,53.9,52.95,52.46,7552.3,0.49,0.93,52.17,52.171,55.844,6321.21,8033.75,11267.44,0.72
2021-11-11,52.95,58.25,58.25,52.77,12198.76,5.3,10.01,53.352,52.904,55.724,7818.93,7652.86,11703.29,1.16
2021-11-12,59.08,60.0,57.48,56.0,15954.73,-0.77,-1.32,54.502,53.462,55.61,10058.24,8010.04,12339.99,1.52
2021-11-15,57.45,63.22,62.13,56.33,17901.95,4.65,8.09,56.654,54.345,55.807,12319.86,8844.18,12940.26,1.7
2021-11-16,62.1,62.68,61.97,60.2,9814.76,-0.16,-0.26,58.556,55.319,55.932,12684.5,9237.84,13150.3,0.93
2021-11-17,61.58,62.43,60.1,59.1,10934.77,-1.87,-3.02,59.986,56.078,56.076,13360.99,9841.1,13382.54,1.04
2021-11-18,59.48,60.1,58.8,58.57,4753.94,-1.3,-2.16,60.096,56.724,56.056,11872.03,9845.48,12776.05,0.45
2021-11-19,58.8,60.2,60.2,57.81,6590.65,1.4,2.38,60.64,57.571,55.81,9999.21,10028.73,11827.01,0.63
2021-11-22,60.13,60.16,58.25,57.91,7833.43,-1.95,-3.24,59.864,58.259,55.547,7985.51,10152.69,10480.08,0.75
2021-11-23,58.0,58.0,56.2,55.41,11913.22,-2.05,-3.52,58.71,58.633,55.409,8405.2,10544.85,10032.83,1.13
2021-11-24,56.2,57.21,56.88,55.83,6045.12,0.68,1.21,58.066,59.026,55.599,7427.27,10394.13,9213.94,0.58
2021-11-25,56.88,58.65,57.32,56.38,6073.25,0.44,0.77,57.77,58.933,55.919,7691.13,9781.58,8717.22,0.58
2021-11-26,57.28,57.32,55.5,54.96,7368.77,-1.82,-3.17,56.83,58.735,56.099,7846.76,8922.99,8466.51,0.7
2021-11-29,54.9,54.9,53.6,52.99,6301.1,-1.9,-3.42,55.9,57.882,56.114,7540.29,7762.9,8303.54,0.6
2021-11-30,53.88,54.35,53.43,53.06,4217.79,-0.17,-0.32,55.346,57.028,56.174,6001.21,7203.2,8220.52,0.4
2021-12-01,53.43,54.35,54.35,53.01,5935.99,0.92,1.72,54.84,56.453,56.266,5979.38,6703.33,8272.21,0.57
2021-12-02,54.52,54.64,52.65,52.55,5878.24,-1.7,-3.13,53.906,55.838,56.281,5940.38,6815.76,8330.62,0.56
2021-12-03,52.72,53.29,53.13,52.31,3217.18,0.48,0.91,53.432,55.131,56.351,5110.06,6478.41,8253.57,0.31
2021-12-06,53.12,57.98,55.13,53.1,10853.55,2.0,3.76,53.738,54.819,56.539,6020.55,6780.42,8466.55,1.03
2021-12-07,55.5,60.64,60.64,55.0,26616.84,5.51,9.99,55.18,55.263,56.948,10500.36,8250.78,9397.82,2.53
2021-12-08,62.0,64.53,63.08,60.8,31225.0,2.44,4.02,56.926,55.883,57.455,15558.16,10768.77,10581.45,2.97
2021-12-09,63.5,66.1,64.38,62.98,32317.37,1.3,2.06,59.272,56.589,57.761,20845.99,13393.18,11587.38,3.08
2021-12-10,63.0,66.0,62.94,61.0,24374.81,-1.44,-2.24,61.234,57.333,58.034,25077.51,15093.79,12008.39,2.32
2021-12-13,62.0,63.27,61.0,60.5,19318.03,-1.94,-3.08,62.408,58.073,57.978,26770.41,16395.48,12079.19,1.84
2021-12-14,61.0,61.0,59.44,59.1,12903.49,-1.56,-2.56,62.168,58.674,57.851,24027.74,17264.05,12233.63,1.23
2021-12-15,59.97,59.97,58.28,57.83,10597.0,-1.16,-1.95,61.208,59.067,57.76,19902.14,17730.15,12216.74,1.01
2021-12-16,58.79,59.8,59.67,57.72,12643.37,1.39,2.38,60.266,59.769,57.804,15967.34,18406.66,12611.21,1.2
2021-12-17,59.5,60.49,58.75,58.03,10406.95,-0.92,-1.54,59.428,60.331,57.731,13173.77,19125.64,12802.03,0.99
